{"cameraMode":{"drawMode":0,"name":"Shaded","section":"Shading Mode"},"sceneLighting":true,"audioPlay":false,"sceneViewState":{"showFog":true,"showMaterialUpdate":false,"showSkybox":true,"showFlares":true,"showImageEffects":true,"showParticleSystems":true,"showVisualEffectGraphs":true,"m_FxEnabled":true},"in2DMode":false,"pivot":{"x":-2.4753077030181886,"y":-2.312405586242676,"z":22.507699966430665},"rotation":{"x":0.20875604450702668,"y":-0.017960673198103906,"z":0.003621758194640279,"w":0.9779245853424072},"size":21.545570373535158,"orthographic":false}